Unnamed: 0.1,Unnamed: 0,MC,STATID,SDATE,Y,M,D,TEMP_Â°C,pH,TSS_mg_L,COND_mS_m,Ca_meq_L,Mg_meq_L,Na_meq_L,K_meq_L,ALK_meq_L,Cl_meq_L,SO4_meq_L,NO32_mg_L,NH4N_mg_L,TOTP_mg_L,DO_mg_L,CODMN_mg_L
1301,105,Cambodia,H033401,1995-07-14,1995,7,14,29.4,7.46,164.0,10.2,0.687,0.142,0.17,0.04,0.796,0.091,0.111,0.32,0.02,0.06,6.67,1.3
1383,106,Cambodia,H033401,1995-10-16,1995,10,16,30.0,7.03,75.0,9.8,0.618,0.182,0.15,0.03,0.844,0.081,0.043,0.081,0.007,0.02,3.83,2.0
1411,107,Cambodia,H033401,1995-11-17,1995,11,17,28.9,7.1,48.0,8.9,0.538,0.178,0.16,0.03,0.736,0.07,0.069,0.067,0.04,0.02,5.09,2.3
1440,108,Cambodia,H033401,1995-12-19,1995,12,19,27.8,7.23,23.0,9.7,0.409,0.237,0.17,0.04,0.685,0.087,0.056,0.071,0.007,0.01,5.04,3.1
1466,191,Cambodia,H033401,1996-01-16,1996,1,16,27.6,7.32,13.3,8.1,0.416,0.181,0.18,0.04,0.638,0.082,0.059,0.162,0.01,0.02,5.15,3.5
1503,192,Cambodia,H033401,1996-02-22,1996,2,22,29.0,7.31,11.3,6.5,0.278,0.182,0.18,0.04,0.596,0.063,0.061,0.198,0.01,0.03,4.9,4.1
1513,193,Cambodia,H033401,1996-03-15,1996,3,15,29.0,7.27,15.0,7.6,0.33,0.189,0.21,0.04,0.597,0.096,0.054,0.348,0.03,0.03,5.33,4.3
1534,194,Cambodia,H033401,1996-04-18,1996,4,18,31.3,7.28,1.6,12.7,0.558,0.295,0.28,0.04,0.898,0.064,0.232,0.42,0.01,0.02,5.55,3.4
1579,195,Cambodia,H033401,1996-05-29,1996,5,29,30.2,7.67,33.0,15.9,0.81,0.32,0.34,0.05,1.092,0.221,0.151,0.258,0.02,0.03,6.35,1.6
1677,196,Cambodia,H033401,1996-10-21,1996,10,21,30.4,6.64,87.0,8.6,0.501,0.194,0.17,0.03,0.74,0.073,0.06,0.141,0.01,0.001,4.21,3.9
1698,197,Cambodia,H033401,1996-11-18,1996,11,18,28.8,7.16,88.0,8.3,0.476,0.184,0.15,0.03,0.711,0.064,0.051,0.013,0.07,0.03,5.24,5.6
1721,198,Cambodia,H033401,1996-12-18,1996,12,18,27.4,7.07,44.0,8.8,0.719,0.202,0.16,0.03,0.771,0.061,0.066,0.057,0.1,0.006,5.19,3.1
1747,290,Cambodia,H033401,1997-01-22,1997,1,22,27.6,6.97,17.0,8.0,0.413,0.09,0.2,0.04,0.649,0.077,0.056,0.17,0.11,0.02,4.43,4.3
1754,291,Cambodia,H033401,1997-02-14,1997,2,14,29.2,7.08,16.0,7.3,0.346,0.181,0.22,0.04,0.591,0.077,0.059,0.13,0.02,0.03,4.0,4.8
1781,292,Cambodia,H033401,1997-03-17,1997,3,17,30.0,6.7,5.0,6.0,0.259,0.191,0.225,0.04,0.538,0.075,0.061,0.34,0.02,0.02,3.56,5.3
1811,293,Cambodia,H033401,1997-04-23,1997,4,23,30.8,6.69,4.0,7.4,0.261,0.178,0.23,0.04,0.49,0.098,0.092,0.5,0.03,0.04,3.82,4.1
1827,294,Cambodia,H033401,1997-05-22,1997,5,22,30.8,7.5,5.3,10.5,0.414,0.296,0.3,0.04,0.726,0.154,0.112,0.34,0.04,0.01,6.34,5.3
1836,295,Cambodia,H033401,1997-06-26,1997,6,26,31.2,7.7,14.0,19.6,1.183,0.409,0.35,0.04,1.195,0.325,0.468,0.22,0.11,0.02,6.89,3.6
1851,296,Cambodia,H033401,1997-07-23,1997,7,23,28.0,7.38,70.0,10.3,0.63,0.256,0.26,0.05,0.754,0.12,0.176,0.26,0.08,0.06,7.0,2.6
1913,297,Cambodia,H033401,1997-10-15,1997,10,15,29.8,7.16,95.0,9.2,0.498,0.213,0.21,0.04,0.793,0.065,0.09,0.12,0.03,0.01,5.51,2.1
1934,298,Cambodia,H033401,1997-11-21,1997,11,21,29.5,7.22,14.0,8.2,0.503,0.226,0.2,0.05,0.686,0.065,0.119,0.07,0.1,0.01,5.38,4.0
1947,299,Cambodia,H033401,1997-12-25,1997,12,25,29.8,7.02,20.0,8.4,0.507,0.202,0.19,0.03,0.694,0.075,0.09,0.19,0.01,0.02,4.75,4.2
1966,345,Cambodia,H033401,1998-01-26,1998,1,26,29.8,7.11,8.0,8.7,0.443,0.315,0.21,0.04,0.72,0.089,0.166,0.21,0.02,0.02,4.94,4.6
1979,346,Cambodia,H033401,1998-02-18,1998,2,18,29.2,7.04,26.0,9.8,0.431,0.305,0.31,0.05,0.712,0.114,0.232,0.51,0.03,0.04,4.73,5.6
1989,347,Cambodia,H033401,1998-03-23,1998,3,23,31.8,7.09,10.0,9.7,0.41,0.286,0.36,0.05,0.737,0.159,0.115,0.34,0.06,0.03,8.46,5.8
2020,348,Cambodia,H033401,1998-05-28,1998,5,28,31.8,7.94,1.7,21.4,1.089,0.565,0.35,0.05,1.498,0.207,0.395,0.08,0.03,0.01,7.95,2.8
2035,349,Cambodia,H033401,1998-06-29,1998,6,29,31.2,7.76,14.0,17.0,0.872,0.374,0.39,0.04,1.118,0.256,0.368,0.39,0.01,0.05,6.48,1.9
2218,379,Cambodia,H033401,1999-10-14,1999,10,14,30.4,6.64,69.0,10.63,0.636,0.26,0.2,0.03,0.86,0.075,0.057,0.085,0.041,0.008,5.1,3.156
2231,380,Cambodia,H033401,1999-11-10,1999,11,10,28.1,6.38,34.5,8.2,0.42,0.23,0.13,0.03,0.604,0.082,0.077,0.076,0.004,0.02,4.39,2.43
2295,472,Cambodia,H033401,2000-02-23,2000,2,23,29.8,6.39,25.0,6.7,0.451,0.186,0.22,0.02,0.492,0.07,0.076,0.333,0.018,0.05,3.824,4.6
2306,473,Cambodia,H033401,2000-03-11,2000,3,11,29.8,6.28,18.0,6.8,0.296,0.182,0.21,0.04,0.38,0.112,0.048,0.219,0.026,0.04,4.19,6.2
2329,474,Cambodia,H033401,2000-04-10,2000,4,10,31.6,6.08,4.67,6.33,0.203,0.183,0.24,0.04,0.343,0.05,0.138,0.429,0.054,0.04,5.93,5.018
2362,475,Cambodia,H033401,2000-05-25,2000,5,25,31.4,7.94,100.0,6.1,0.227,0.184,0.35,0.04,0.384,0.081,0.09,0.576,0.055,0.04,7.86,3.019
2441,476,Cambodia,H033401,2000-09-22,2000,9,22,28.9,7.81,170.0,11.14,0.708,0.183,0.2,0.04,0.984,0.026,0.099,0.16,0.007,0.04,4.865,3.52
2474,477,Cambodia,H033401,2000-10-30,2000,10,30,29.4,7.22,134.5,8.0,0.447,0.17,0.12,0.04,0.676,0.064,0.061,0.05,0.02,0.02,5.908,2.1
2489,478,Cambodia,H033401,2000-11-17,2000,11,17,28.4,7.25,82.0,7.9,0.423,0.171,0.21,0.03,0.632,0.037,0.125,0.03,0.008,0.01,5.819,2.419
2513,479,Cambodia,H033401,2000-12-20,2000,12,20,29.0,7.07,19.5,8.22,0.403,0.179,0.17,0.03,0.64,0.053,0.123,0.05,0.05,0.01,5.511,4.35
2541,579,Cambodia,H033401,2001-01-18,2001,1,18,27.8,6.99,20.67,6.68,0.295,0.172,0.21,0.04,0.52,0.075,0.088,0.1,0.01,0.02,6.227,4.26
2555,580,Cambodia,H033401,2001-02-14,2001,2,14,28.8,6.94,18.5,7.04,0.302,0.226,0.27,0.04,0.596,0.0044,0.112,0.15,0.01,0.02,4.942,3.857
2601,581,Cambodia,H033401,2001-03-14,2001,3,14,29.8,6.94,31.5,10.0,0.334,0.189,0.4,0.08,0.728,0.039,0.147,0.44,0.01,0.05,4.996,3.654
2641,582,Cambodia,H033401,2001-04-15,2001,4,15,32.0,6.76,34.5,9.5,0.282,0.179,0.47,0.06,0.548,0.027,0.169,0.47,0.006,0.07,5.09,5.4
2669,583,Cambodia,H033401,2001-05-16,2001,5,16,31.2,6.98,36.0,9.2,0.246,0.187,0.43,0.06,0.529,0.139,0.205,0.47,0.021,0.11,6.062,3.4
2684,584,Cambodia,H033401,2001-06-12,2001,6,12,30.6,7.48,86.0,15.43,0.312,0.269,0.39,0.04,0.992,0.0223,0.388,0.52,0.08,0.06,6.354,6.2
2784,585,Cambodia,H033401,2001-09-13,2001,9,13,28.2,7.45,67.0,10.95,0.2753,0.604,0.16526,0.0251,0.887,0.026,0.175,0.11951,0.014,0.006,6.799,8.5
2894,586,Cambodia,H033401,2001-12-22,2001,12,22,28.3,7.46,10.66,9.53,0.237,0.499,0.18859,0.0348,0.737,0.038,0.15,0.13279,0.001,0.03,7.5,2.976
2977,651,Cambodia,H033401,2002-03-22,2002,3,22,30.2,7.07,13.33,9.6,0.1935,0.45,0.2699,0.0388,0.727,0.0316,0.19,0.1428,0.0358,0.0189,6.52,4.332
3035,652,Cambodia,H033401,2002-05-18,2002,5,18,31.8,8.55,12.66,13.62,0.2323,0.668,0.2369,0.0451,0.6841,0.0745,0.365,0.1968,0.0465,0.004,7.3,5.32
3055,653,Cambodia,H033401,2002-06-17,2002,6,17,30.2,7.69,196.0,14.91,0.268,0.752,0.2634,0.0368,0.697,0.018,0.59,0.4836,0.004,0.0204,6.86,1.96
3152,654,Cambodia,H033401,2002-09-21,2002,9,21,28.6,7.02,76.66,9.11,0.2383,0.498,0.1735,0.0251,0.708,0.018,0.153,0.199,0.0127,0.0089,7.67,3.2
3183,655,Cambodia,H033401,2002-11-21,2002,11,21,30.2,7.16,34.66,9.76,0.2095,0.571,0.1698,0.03223,0.792,0.0249,0.119,0.03216,0.0325,0.0084,7.83,2.82
3249,764,Cambodia,H033401,2003-02-22,2003,2,22,30.0,7.09,8.66,9.21,0.4258,0.26667,0.2349,0.0437,0.763,0.0465,0.113,0.0805,0.1356,0.0085,5.801,3.2137
3299,765,Cambodia,H033401,2003-03-29,2003,3,29,30.0,7.32,139.33,11.75,0.4687,0.212,0.4386,0.07,0.88,0.0145,0.267,0.1306,0.068,0.0079,5.5866,3.68
3329,766,Cambodia,H033401,2003-04-23,2003,4,23,31.0,7.06,11.33,11.66,0.4771,0.291,0.29,0.051,0.756,0.0153,0.28,0.62,0.083,0.0316,9.301,3.88
3365,767,Cambodia,H033401,2003-05-26,2003,5,26,31.0,7.03,17.33,16.26,0.772,0.408,0.451,0.0468,1.076,0.0173,0.485,0.099,0.0497,0.032,7.201,1.64
3398,769,Cambodia,H033401,2003-06-18,2003,6,18,32.0,7.28,45.43,14.3,0.597,0.413,0.384,0.0382,0.876,0.0197,0.436,0.237,0.058,0.0234,6.982,1.38
3400,768,Cambodia,H033401,2003-06-18,2003,6,18,30.7,7.07,169.0,11.8,0.66,0.2985,0.2759,0.0404,0.836,0.0106,0.334,0.1763,0.012,0.0274,5.4,2.0
3451,770,Cambodia,H033401,2003-08-13,2003,8,13,29.0,6.66,117.0,11.58,0.64,0.269,0.217,0.0369,0.756,0.0216,0.325,0.1705,0.01,0.101,5.6,3.08
3508,771,Cambodia,H033401,2003-09-28,2003,9,28,28.9,6.47,109.0,10.99,0.6447,0.2269,0.1792,0.0272,0.776,0.0121,0.261,0.1263,0.0007,0.0835,6.3,1.68
3541,772,Cambodia,H033401,2003-10-17,2003,10,17,29.8,6.5,18.0,9.5,0.589,0.2229,0.183,0.0319,0.776,0.0272,0.146,0.0138,0.0393,0.0313,3.8514,2.62
3589,773,Cambodia,H033401,2003-11-23,2003,11,23,29.9,6.59,68.0,9.85,0.536,0.216,0.211,0.0325,0.7643,0.0197,0.1274,0.0172,0.043,0.0605,5.2,3.02
3631,774,Cambodia,H033401,2003-12-18,2003,12,18,26.5,6.59,12.5,9.3,0.5134,0.1348,0.2183,0.034,0.7531,0.0228,0.141,0.0283,0.0326,0.0427,5.4,4.36
3662,865,Cambodia,H033401,2004-01-18,2004,1,18,28.7,6.66,11.33,8.56,0.4596,0.1453,0.2093,0.044,0.666,0.0362,0.1369,0.0417,0.0194,0.0657,6.528,5.2
3700,866,Cambodia,H033401,2004-02-22,2004,2,22,28.2,6.97,16.0,10.11,0.4487,0.1696,0.3142,0.0337,0.6929,0.0698,0.1958,0.3049,0.0194,0.0364,5.002,4.4
3750,867,Cambodia,H033401,2004-04-23,2004,4,23,31.4,6.97,11.33,17.39,0.8397,0.314,0.4674,0.0474,1.1818,0.196,0.235,0.083,0.1325,0.0654,8.95,4.28
3777,868,Cambodia,H033401,2004-05-19,2004,5,19,30.2,7.15,3.33,20.51,1.1263,0.4577,0.4475,0.0469,1.49,0.21,0.5498,0.02185,0.0778,0.0438,7.8444,3.28
3807,869,Cambodia,H033401,2004-06-18,2004,6,18,29.0,6.59,89.33,13.92,0.6049,0.2547,0.3007,0.04,0.9849,0.21,0.1121,0.238,0.0241,0.0556,6.0869,2.0
3843,870,Cambodia,H033401,2004-07-23,2004,7,23,29.2,7.76,127.0,15.9,0.904,0.3414,0.3475,0.0382,1.0621,0.2871,0.1806,0.2925,0.01,0.0928,7.1074,2.48
3850,871,Cambodia,H033401,2004-08-15,2004,8,15,28.2,6.79,216.0,11.2,0.5538,0.1028,0.3403,0.0361,0.8462,0.0648,0.1026,0.1657,0.0235,0.109,6.2974,4.44
3953,872,Cambodia,H033401,2004-10-18,2004,10,18,29.0,6.3,147.0,9.9,0.6049,0.201,0.163,0.028,0.772,0.073,0.1075,0.004,0.0164,0.0285,5.921,3.3165
4012,873,Cambodia,H033401,2004-11-29,2004,11,29,29.2,6.47,38.0,8.2,0.4935,0.1273,0.1253,0.0324,0.612,0.084,0.0964999999999999,0.0451,0.03619,0.0427,6.051,3.3165
4042,874,Cambodia,H033401,2004-12-20,2004,12,20,28.2,6.52,18.0,8.6,0.4625,0.1691,0.12,0.033,0.593,0.065,0.1339,0.056,0.089,0.0384,1.907,2.0783
4158,993,Cambodia,H033401,2005-03-28,2005,3,28,30.5,6.96,10.0,14.9,0.7757,0.3112,0.2747,0.0559,1.1,0.275,0.081,0.2921,0.0372,0.1076,5.69,8.16
4234,994,Cambodia,H033401,2005-05-20,2005,5,20,31.5,7.56,12.0,19.8,0.9977,0.4683,0.4252,0.0586,1.203,0.371,0.332,0.082,0.1103,0.1206,6.08,2.522
4272,995,Cambodia,H033401,2005-06-17,2005,6,17,31.0,7.13,2.0,19.6,1.0145,0.4274,0.4587,0.0548,1.26,0.295,0.3,0.226,0.0999,0.0208,7.307,2.94
4317,996,Cambodia,H033401,2005-07-16,2005,7,16,29.0,6.88,90.0,11.3,0.7199,0.1059,0.2924,0.0298,0.743,0.114,0.329,0.23,0.0242,0.0705,5.06,1.608
4407,997,Cambodia,H033401,2005-09-27,2005,9,27,28.9,6.92,100.0,10.22,0.6714,0.1524,0.1793,0.03,0.836,0.056,0.194,0.226,0.0044,0.0409,7.434,7.44
4482,998,Cambodia,H033401,2005-10-20,2005,10,20,30.0,6.79,117.0,9.95,0.656,0.136,0.1959,0.0307,0.7938,0.048,0.171,0.023,0.1041,0.0628,6.882,1.603
4540,999,Cambodia,H033401,2005-11-26,2005,11,26,28.5,6.76,14.0,10.65,0.522,0.277,0.3206,0.0546,0.8172,0.073,0.176,0.047,0.0932,0.0497,6.721,0.984
4586,1000,Cambodia,H033401,2005-12-26,2005,12,26,26.0,6.29,54.0,11.3,0.496,0.303,0.29,0.0442,0.7791,0.089,0.193,0.033,0.0759,0.0346,7.903,1.101
4631,1165,Cambodia,H033401,2006-01-20,2006,1,20,29.8,7.34,22.0,10.1,0.462,0.156,0.385,0.0544,0.642,0.19,0.204,0.06,0.0756,0.0661,4.943,1.679
4803,1166,Cambodia,H033401,2006-05-22,2006,5,22,30.5,6.95,26.0,19.8,0.8092,0.375,0.593,0.047,1.189,0.357,0.16,0.0556,0.0018,0.218,5.816,0.388
4856,1167,Cambodia,H033401,2006-06-22,2006,6,22,32.2,6.88,18.0,17.29,0.788,0.265,0.516,0.0469,1.09203,0.407,0.1571,0.5885,0.0927,0.1128,7.616,1.718
4895,1168,Cambodia,H033401,2006-07-19,2006,7,19,29.0,6.8,132.0,9.46,0.5,0.16,0.2711,0.0467,0.6844,0.128,0.1307,0.1958,0.033,0.2326,6.726,2.3431
4922,1169,Cambodia,H033401,2006-08-19,2006,8,19,27.9,6.95,211.0,8.04,0.48,0.2,0.1583,0.0289,0.601,0.062,0.123,0.1917,0.0479,0.2961,5.7366,3.6544
4998,1170,Cambodia,H033401,2006-10-20,2006,10,20,29.6,6.78,70.0,8.64,0.49,0.19,0.2344,0.0372,0.6671,0.086,0.112,0.1197,0.1165,0.1075,8.336,1.56
5050,1171,Cambodia,H033401,2006-11-23,2006,11,23,30.3,6.41,35.0,11.03,0.48,0.22,0.3383,0.0499,0.839,0.195,0.125,0.0268,0.0530278,0.109447,7.53,0.847058824
5087,1172,Cambodia,H033401,2006-12-22,2006,12,22,26.6,6.52,25.0,10.3,0.507,0.205,0.2868,0.0434,0.754,0.108,0.13,0.0622,0.0398984,0.0735485,6.55482,6.8315
5138,1350,Cambodia,H033401,2007-01-25,2007,1,25,29.0,7.39,17.00006799999993,7.14,0.374,0.181,0.1752,0.0409,0.6980667838312832,0.0669275929549902,0.0701724070450098,0.047415,0.074637,0.0558863999999999,5.07236,7.551529411764707
5282,1351,Cambodia,H033401,2007-05-25,2007,5,25,32.4,6.85,67.00026799999998,12.21,0.6395989974937345,0.2907268170426064,0.2938,0.0752,0.9937190082644628,0.2288613303269447,0.1292327999999999,0.1757535999999999,0.03381,0.1620231999999999,7.028,1.232273838630808
5478,1352,Cambodia,H033401,2007-10-20,2007,10,20,28.5,7.42,91.33369866666668,10.6,0.5969849246231156,0.221105527638191,0.1938,0.03215,0.7862068965517243,0.087260677466863,0.2039219,0.1151152,0.0277411,0.1079384,7.191484441257401,0.9740474875759252
5531,1353,Cambodia,H033401,2007-11-20,2007,11,20,27.3,7.02,33.00013200000004,8.47,0.3983065198983911,0.1889923793395428,0.1914,0.04025,0.6469387755102042,0.0766756032171581,0.1742889,0.249608,0.0459667999999999,0.0954927999999999,6.55578519462408,2.649056603773585
5570,1354,Cambodia,H033401,2007-12-24,2007,12,24,27.3,7.29,34.000136,13.84,0.4897133220910625,0.2549747048903879,0.4087,0.0284,0.8548494983277592,0.2387943519188993,0.1919706,0.0614008,0.1231677,0.0458463999999999,4.557,3.240970350404313
5625,1546,Cambodia,H033401,2008-01-17,2008,1,17,29.0,6.85,33.5,10.34,0.3831081081081081,0.2655405405405405,0.2849,0.0246,0.7058823529411765,0.1335021707670043,0.2123696,0.04045092,0.1110005999999999,0.253318,5.079766430273332,2.081497797356829
5678,1547,Cambodia,H033401,2008-03-13,2008,3,13,31.0,7.5,30.5,13.85,0.5876288659793815,0.311340206185567,0.3508,0.0473,0.8814691151919867,0.2070834839176003,0.1624753,0.1860659999999999,0.1391219999999999,0.0704248,7.8,2.818923327895594
5823,1548,Cambodia,H033401,2008-07-13,2008,7,13,30.0,7.44,121.0,12.82,0.7372287145242069,0.2504173622704506,0.2368,0.0426,0.9302013422818792,0.1074498567335243,0.196368,0.26263,0.0347296,0.19574,6.39300216802198,2.1573849878934626
5914,1549,Cambodia,H033401,2008-08-19,2008,8,19,27.8,7.37,219.0,11.95,0.7312964492155244,0.2873658133773743,0.1497,0.0354,1.0095867768595044,0.0607814761215629,0.1758243,0.16838,0.014,0.2535067,6.20527,1.167446211412534
5996,1550,Cambodia,H033401,2008-10-21,2008,10,21,31.4,6.72,32.0,11.23,0.6641765704584038,0.2159592529711377,0.2163999999999999,0.02985,0.8758842443729904,0.0785687938030247,0.176651,0.0157766999999999,0.0651689999999999,0.0902183999999999,6.73,1.4382298709280874
6060,1551,Cambodia,H033401,2008-11-20,2008,11,20,28.9,6.96,42.0,8.93,0.446,0.202,0.1697,0.0618,0.6501607717041799,0.0832732516222062,0.1599398,0.0331565,0.0538939999999999,0.0971984,7.452,1.7191586128482117
6168,1642,Cambodia,H033401,2009-02-24,2009,2,24,31.0,7.06,21.999999999999936,11.35,0.3882648784576697,0.20720871751886,0.431,0.03735,0.6966442953020134,0.3388,0.0378248,0.0865754,0.0477196999999999,0.1681737,4.66,4.211009174311927
6251,1658,Cambodia,H033401,2009-10-21,2009,10,21,30.1,6.85,98.0,9.46,0.472787979966611,0.1762938230383973,0.1874,0.0966,0.6549084858569052,0.10934,0.1566875,0.0267683,0.0106407,0.1018383,5.27688371513464,2.263772954924873
6347,1730,Cambodia,H033401,2010-04-24,2010,4,24,31.2,6.84,39.0,20.9,0.7980099502487562,0.3442786069651743,0.6798,0.095,1.2830075187969925,0.3819800000000001,0.3880711,0.3871165,0.0216085999999999,0.1947228999999999,8.736150261630435,4.936967632027256
6475,1825,Cambodia,H033401,2011-02-24,2011,2,24,28.8,6.83,35.0,12.1,0.4803970223325061,0.3533498759305211,0.3377,0.0622,0.771316818774446,0.2321288295365279,0.2071103999999999,0.143184,0.0845796,0.1086852,5.73545829626677,3.876332622601279
6534,1826,Cambodia,H033401,2011-06-24,2011,6,24,29.1,6.78,131.0,15.59,0.6851581508515817,0.4321167883211679,0.3549265,0.0672078999999999,1.0159744408945688,0.1856115107913669,0.250975,0.3425524,0.1046127999999999,0.2229200999999999,5.673449757522032,1.8288238542241853
6563,1827,Cambodia,H033401,2011-08-24,2011,8,24,30.0,6.92,197.0,13.22,0.7104622871046231,0.251094890510949,0.315772,0.0718768,0.95126582278481,0.0809352517985611,0.2723738,0.1799127999999999,0.0358098,0.206708,8.314977056072683,1.4095238095238098
6618,1828,Cambodia,H033401,2011-10-28,2011,10,28,30.2,6.64,21.49999999999999,10.1,0.4680096696212732,0.1991941982272362,0.2250238,0.0462254,0.6998473282442746,0.1037090385307886,0.1814712,0.0252823,0.01868,0.0910869999999999,5.635907302448551,1.8764105319720568
6636,1829,Cambodia,H033401,2011-12-27,2011,12,27,26.6,6.83,41.999999999999815,10.75,0.4365384615384616,0.1826923076923077,0.3025597,0.0675649,0.6093667157584685,0.1695727986050567,0.2430048,0.1074239999999999,0.1015651999999999,0.0769785999999999,6.0453375535598095,2.9383561643835603
6808,1976,Cambodia,H033401,2012-08-23,2012,8,23,29.0,7.07,200.99999999999991,12.85,0.7074918566775246,0.2345276872964169,0.3172136,0.0706789,0.9439490445859876,0.0805785123966942,0.2334599999999999,0.204819,0.0327191,0.206708,8.012932992867677,1.0380739081746913
6843,1977,Cambodia,H033401,2012-09-25,2012,9,25,29.6,6.45,112.8,11.36,0.607766990291262,0.1902912621359223,0.3149648585754873,0.0415888319370524,0.7853503184713376,0.1217750257997936,0.25086,0.15455584,0.1253996999999999,0.1091534999999999,6.8360998449632735,1.897794513179128
6921,1978,Cambodia,H033401,2012-12-25,2012,12,25,29.0,7.59,24.0,10.82,0.388985051140834,0.2077104642014163,0.3878334,0.06702585,0.5911737089201877,0.1463664978787464,0.2246645,0.0501873,0.0679567999999999,0.0769785999999999,5.611226063493347,2.9383561643835603
6979,2144,Cambodia,H033401,2013-03-24,2013,3,24,32.4,6.83,14.499999999999998,16.94,0.8950819672131147,0.5134426229508198,0.3579,0.045,1.4060526315789474,0.1562068965517241,0.214047,0.255726,0.1483604999999999,0.0502695999999999,6.071481399152527,1.9650655021834065
7053,2145,Cambodia,H033401,2013-06-21,2013,6,21,30.5,6.59,46.99999999999996,15.12,0.8045344129554654,0.3672874493927126,0.2928,0.0876,1.1617560975609758,0.2143906020558002,0.1562422,0.4029042,0.096221,0.1371744,5.919214430288491,1.7960526315789462
7111,2146,Cambodia,H033401,2013-09-27,2013,9,27,27.4,6.9,184.9999999999999,8.63,0.4342674139311449,0.1844675740592474,0.217,0.0479,0.6310112359550561,0.2197886781890701,0.0645279,0.110576,0.0382788,0.199821,7.227935844697896,1.984864864864866
7135,2147,Cambodia,H033401,2013-10-25,2013,10,25,30.2,7.02,52.0000000000001,9.1,0.4792239288601454,0.2444624090541634,0.185,0.02995,0.7281028938906752,0.1068798653482011,0.1559024,0.0776737999999999,0.0337255,0.1297325,6.807880191845914,2.160771704180065
7164,2148,Cambodia,H033401,2013-11-27,2013,11,27,29.5,7.07,41.99999999999996,11.4,0.5028203062046738,0.2398066075745366,0.347,0.0298,0.7526213592233009,0.3190688597713967,0.0984099999999999,0.249051,0.1370895,0.2393199999999999,6.639446816281068,3.3785790031813354
7192,2149,Cambodia,H033401,2013-12-20,2013,12,20,25.4,7.05,35.00000000000003,9.37,0.5135882831570382,0.0761594792514239,0.2983,0.0429,0.5898169717138103,0.1764583909317113,0.152956,0.1910088,0.1231017999999999,0.2028232,7.452924858811141,2.959957287773625
7210,2272,Cambodia,H033401,2014-01-23,2014,1,23,25.5,7.09,20.999999999999908,12.01,0.3951807228915662,0.2698795180722892,0.3104,0.0294,0.732,0.1076604554865424,0.2597578,0.0929865999999999,0.0594680999999999,0.0566981999999999,5.373483624040528,5.170010559662092
7238,2273,Cambodia,H033401,2014-02-25,2014,2,25,28.2,7.63,57.00000000000011,10.21,0.4258064516129032,0.3329032258064515,0.2722,0.0313,0.7297560975609757,0.2159013022618232,0.171272,0.062344,0.0984635,0.196496,9.3423216445337,5.4243792325056415
7527,2349,Cambodia,H033401,2015-05-23,2015,5,23,31.3,7.323478260869565,12.49999999999994,15.399130434782604,0.8169425652173914,0.3674953478260869,0.3502347826086956,0.0438217391304347,1.0573251304347824,0.1349889130434782,0.3598149130434782,0.4084455999999999,0.0433227,0.1183695,6.528146522872547,1.0236051502145909
7611,2439,Cambodia,H033401,2016-01-22,2016,1,22,29.3,7.84,26.999999999999943,18.21,0.9953562850280224,0.478462770216173,0.2355334806629834,0.0334291235110426,1.4499139414802065,0.001,0.2996999999999999,0.1435190999999999,0.0512546,0.0790279999999999,5.5438461733762825,3.0441176470588225
7679,2440,Cambodia,H033401,2016-07-22,2016,7,22,31.6,7.38,143.39999999999998,17.01,0.5931484502446982,0.5735725938009786,0.5331712400138937,0.0207346056555716,1.3030927835051545,0.014571076754686,0.3305495,0.1575993999999999,0.0510474999999999,0.1844712,4.1222934701690255,2.6422018348623864
7691,2441,Cambodia,H033401,2016-08-24,2016,8,24,29.5,7.31,97.0,12.85,0.706,0.2902597402597403,0.198,0.0236704450969867,0.9600000000000004,0.0099794238683127,0.205191,0.18806,0.0603876,0.2191699999999999,6.995396786466548,2.0022246941045605
7707,2442,Cambodia,H033401,2016-09-26,2016,9,26,29.6,7.03,161.00000000000003,11.98,0.7116841257050767,0.2823529411764708,0.2659824292877436,0.0447444159685262,1.055051852835717,0.0070900123304562,0.1523552333333333,0.1139126,0.0465592,0.0672185999999999,7.351288928892889,1.3946488294314368
7726,2443,Cambodia,H033401,2016-10-23,2016,10,23,30.0,6.63,52.0000000000001,11.85,0.5875518672199171,0.3007468879668049,0.2290535124248219,0.0214025332237958,0.8681739130434782,0.014,0.188,0.0348716,0.0265816,0.10276,4.2463496772865605,4.32558139534884
7745,2444,Cambodia,H033401,2016-11-24,2016,11,24,30.5,6.74,85.00000000000007,8.71,0.2066612510154346,0.356783103168156,0.2253644688644689,0.0239567114616797,0.6771285475792987,0.0095317032739328,0.175049,0.1343608,0.0224399999999999,0.2163604,5.646821402930599,1.3391684901531722
7872,2561,Cambodia,H033401,2017-06-22,2017,6,22,31.25,7.299285714285714,167.96428571428572,22.407857142857143,1.229737103047832,0.564284110688692,0.5788593125359958,0.0721870230135877,1.4774336806131925,0.3726562227202484,0.3819647499999999,0.2296927657142856,0.0332732536499999,0.1233428,4.276115184579651,1.03251635136
7899,2562,Cambodia,H033401,2017-07-26,2017,7,26,30.79,7.243,69.0,17.726000000000003,0.7419823651363581,0.4710142286175014,0.4934141600092625,0.1497732342759286,1.1762069242205675,0.3505827582410343,0.2924334,0.37,0.07810208,0.174,5.640219858090305,2.4387233510171367
7954,2563,Cambodia,H033401,2017-09-20,2017,9,20,29.5,6.79,153.99999999999997,11.66,0.480464371497198,0.2613290632506004,0.2904736439316154,0.0463222079842631,0.8362369337979095,0.1595373348846759,0.1951991533333333,0.092486,0.0482519999999999,0.111057,6.87182245028171,1.2315789473684218
7992,2564,Cambodia,H033401,2017-10-20,2017,10,20,30.4,7.0,46.0,10.65,0.4540016168148746,0.2483427647534358,0.2542297450674901,0.0763477417658281,0.7986062717770035,0.1068798653482011,0.1818168,0.036264,0.0517459999999999,0.137326,5.858747769610839,1.2315789473684218
